1403636589863555328,-0.09607,0.34562,0.00770,-0.04668,0.90921,0.03552,0.41218,
1403636589963555584,-0.10460,0.37814,0.00340,-0.05377,0.91085,0.04133,0.40712,
1403636590063555584,-0.11155,0.40351,0.00148,-0.06023,0.90914,0.04622,0.40952,
1403636590163555328,-0.11664,0.41933,0.00225,-0.06548,0.90584,0.04967,0.41558,
1403636590463555584,-0.11958,0.39307,0.00894,-0.05683,0.90607,0.04854,0.41647,
1403636590563555584,-0.11736,0.36229,0.01286,-0.05045,0.90520,0.04577,0.41949,
1403636590663555328,-0.11332,0.32501,0.01609,-0.04571,0.90441,0.04229,0.42210,
1403636590763555584,-0.10752,0.28358,0.01698,-0.04200,0.90541,0.03748,0.42080,
1403636590863555328,-0.09971,0.23947,0.01481,-0.04239,0.90799,0.03297,0.41554,
1403636590963555584,-0.09072,0.19254,0.01220,-0.04074,0.90973,0.03002,0.41210,
1403636591063555584,-0.08054,0.14678,0.00945,-0.04197,0.90938,0.02952,0.41280,
1403636591163555328,-0.06985,0.10354,0.00728,-0.04415,0.90913,0.02795,0.41322,
1403636591263555584,-0.05995,0.06429,0.00412,-0.04390,0.91005,0.02555,0.41138,
1403636591363555328,-0.05128,0.03176,-0.00157,-0.04127,0.91136,0.02206,0.40893,
1403636591463555584,-0.04379,0.00861,-0.00974,-0.04010,0.91175,0.01790,0.40839,
1403636591563555584,-0.03479,-0.00951,-0.01847,-0.03376,0.91001,0.01242,0.41303,
1403636591663555328,-0.02494,-0.02235,-0.02602,-0.02323,0.90363,0.00219,0.42768,
1403636591763555584,-0.01647,-0.02913,-0.02972,-0.01402,0.89439,-0.00326,0.44706,
1403636591863555328,-0.00849,-0.03423,-0.02940,-0.00603,0.88535,-0.01012,0.46477,
1403636591963555584,-0.00051,-0.03948,-0.02886,-0.00185,0.88252,-0.01934,0.46987,
1403636592063555584,0.01252,-0.04840,-0.02987,0.00196,0.88568,-0.03076,0.46327,
1403636592163555328,0.03142,-0.05979,-0.03187,0.00594,0.88891,-0.04255,0.45606,
1403636592263555584,0.05396,-0.07040,-0.03385,0.00843,0.89297,-0.04857,0.44742,
1403636592363555328,0.08070,-0.07518,-0.03506,0.00510,0.89641,-0.04996,0.44038,
1403636592463555584,0.11129,-0.07079,-0.03479,-0.00258,0.89813,-0.04424,0.43750,
1403636592563555584,0.14363,-0.05639,-0.03321,-0.01163,0.89541,-0.03123,0.44399,
1403636592663555328,0.17444,-0.03276,-0.03310,-0.02006,0.89159,-0.01324,0.45220,
1403636592763555584,0.20018,0.00030,-0.03405,-0.03150,0.89000,0.00663,0.45483,
1403636592863555328,0.21597,0.04467,-0.03589,-0.05069,0.89013,0.02846,0.45199,
1403636592963555584,0.21767,0.09769,-0.03881,-0.06984,0.89111,0.05117,0.44545,
1403636593063555584,0.20251,0.15662,-0.04029,-0.08830,0.89124,0.07426,0.43861,
1403636593163555328,0.17225,0.21591,-0.03968,-0.10510,0.88965,0.09572,0.43395,
1403636593263555584,0.13022,0.27035,-0.03712,-0.12467,0.88746,0.10811,0.43033,
1403636593363555328,0.08157,0.31049,-0.03512,-0.13414,0.88765,0.11653,0.42487,
1403636593463555584,0.03042,0.33192,-0.03599,-0.13456,0.88887,0.11973,0.42127,
1403636593563555584,-0.02010,0.33446,-0.03973,-0.12998,0.89177,0.11329,0.41835,
1403636593663555328,-0.06642,0.32098,-0.04621,-0.12464,0.89727,0.09830,0.41196,
1403636593763555584,-0.10677,0.29125,-0.05254,-0.11236,0.90369,0.07524,0.40627,
1403636593863555328,-0.13965,0.24823,-0.05688,-0.09353,0.90662,0.04343,0.40916,
1403636593963555584,-0.16353,0.19656,-0.05781,-0.07069,0.90480,0.00820,0.41986,
1403636594063555584,-0.17585,0.14058,-0.05612,-0.04519,0.90156,-0.02504,0.42957,
1403636594163555328,-0.17329,0.08404,-0.05543,-0.02413,0.89999,-0.05498,0.43176,
1403636594263555584,-0.15432,0.02835,-0.05718,-0.00625,0.89976,-0.07536,0.42978,
1403636594363555328,-0.11987,-0.02546,-0.05860,0.00887,0.89912,-0.08540,0.42919,
1403636594463555584,-0.07203,-0.07309,-0.05970,0.02043,0.89591,-0.08710,0.43513,
1403636594563555584,-0.01780,-0.10953,-0.06015,0.02377,0.89086,-0.08593,0.44545,
1403636594663555328,0.03464,-0.12537,-0.06098,0.02049,0.88717,-0.08571,0.45294,
1403636594763555584,0.08065,-0.11642,-0.06320,0.01379,0.88582,-0.07791,0.45724,
1403636594863555328,0.11788,-0.08094,-0.06760,0.00134,0.88519,-0.05845,0.46154,
1403636594963555584,0.14214,-0.02161,-0.07125,-0.01407,0.88433,-0.02839,0.46579,
1403636595063555584,0.14932,0.05471,-0.07432,-0.03808,0.88376,0.00734,0.46633,
1403636595163555328,0.14259,0.13435,-0.07790,-0.06259,0.88442,0.04071,0.46068,
1403636595263555584,0.12339,0.20455,-0.08070,-0.08718,0.88439,0.06828,0.45341,
1403636595363555328,0.09395,0.25624,-0.08215,-0.10404,0.88383,0.08995,0.44713,
1403636595463555584,0.06078,0.28237,-0.08260,-0.11257,0.88362,0.10055,0.44321,
1403636595563555584,0.02776,0.27964,-0.08340,-0.11517,0.88510,0.10460,0.43863,
1403636595663555328,-0.00268,0.25046,-0.08546,-0.11073,0.88768,0.10292,0.43495,
1403636595763555584,-0.02877,0.20188,-0.08947,-0.09692,0.89049,0.09232,0.43487,
1403636595863555328,-0.05099,0.14196,-0.09480,-0.07430,0.89307,0.07283,0.43772,
1403636595963555584,-0.07253,0.08198,-0.10034,-0.05335,0.89603,0.04777,0.43817,
1403636596063555584,-0.09910,0.03251,-0.10406,-0.03337,0.89958,0.02316,0.43486,
1403636596163555328,-0.13060,0.00536,-0.10544,-0.02115,0.90172,0.00263,0.43180,
1403636596263555584,-0.16554,0.00629,-0.10107,-0.01878,0.90125,-0.00854,0.43281,
1403636596363555328,-0.20582,0.02915,-0.09009,-0.01930,0.89942,-0.01355,0.43645,
1403636596463555584,-0.25033,0.06209,-0.07619,-0.01793,0.89686,-0.01091,0.44182,
1403636596563555584,-0.28981,0.09511,-0.06417,-0.01723,0.89460,-0.00396,0.44651,
1403636596663555328,-0.31840,0.12255,-0.05658,-0.01636,0.89513,-0.00141,0.44550,
1403636596763555584,-0.32983,0.13943,-0.05428,-0.01645,0.89566,0.00281,0.44443,
1403636596863555328,-0.31809,0.14420,-0.05592,-0.01396,0.89312,0.00727,0.44955,
1403636596963555584,-0.28400,0.14056,-0.05873,-0.00948,0.89170,0.01076,0.45239,
1403636597063555584,-0.23162,0.13216,-0.06339,-0.00747,0.89521,0.01168,0.44542,
1403636597163555328,-0.16810,0.12283,-0.06765,-0.01250,0.90001,0.01751,0.43534,
1403636597263555584,-0.09785,0.11441,-0.06625,-0.02030,0.90128,0.02947,0.43175,
1403636597363555328,-0.02643,0.11077,-0.06206,-0.02926,0.89904,0.04393,0.43468,
1403636597463555584,0.04039,0.11347,-0.05903,-0.03729,0.89615,0.06087,0.43797,
1403636597563555584,0.09232,0.12430,-0.05846,-0.04982,0.89223,0.07955,0.44171,
1403636597663555328,0.12093,0.14392,-0.06020,-0.06907,0.88635,0.09546,0.44777,
1403636597763555584,0.12437,0.16815,-0.06268,-0.08491,0.88010,0.10954,0.45410,
1403636597863555328,0.10526,0.18930,-0.06420,-0.09233,0.87505,0.12107,0.45946,
1403636597963555584,0.07078,0.20224,-0.06620,-0.09376,0.87289,0.13208,0.46024,
1403636598063555584,0.02714,0.20717,-0.06957,-0.09295,0.87502,0.13727,0.45482,
1403636598163555328,-0.01833,0.20497,-0.07624,-0.09136,0.88142,0.13704,0.44269,
1403636598263555584,-0.05665,0.19626,-0.08736,-0.08412,0.89027,0.13685,0.42617,
1403636598363555328,-0.07879,0.18444,-0.10074,-0.07535,0.89600,0.13531,0.41617,
1403636598463555584,-0.08027,0.17272,-0.11560,-0.06816,0.89736,0.13339,0.41509,
1403636598563555584,-0.06149,0.16394,-0.12940,-0.06987,0.89367,0.13471,0.42230,
1403636598663555328,-0.02931,0.15828,-0.14218,-0.07805,0.88612,0.13818,0.43544,
1403636598763555584,0.00706,0.15533,-0.15855,-0.09080,0.87535,0.14379,0.45259,
1403636598863555328,0.04143,0.15310,-0.17964,-0.10210,0.86330,0.14585,0.47225,
1403636598963555584,0.07136,0.15042,-0.20329,-0.10572,0.85349,0.14446,0.48940,
1403636599063555584,0.09435,0.14897,-0.22507,-0.11039,0.84491,0.14404,0.50318,
1403636599163555328,0.11114,0.14862,-0.23971,-0.12232,0.83262,0.14320,0.52083,
1403636599263555584,0.12601,0.14918,-0.24885,-0.12731,0.81535,0.13912,0.54740,
1403636599363555328,0.13835,0.15000,-0.25718,-0.13019,0.80278,0.13358,0.56635,
1403636599463555584,0.14838,0.15035,-0.26706,-0.12373,0.79878,0.13143,0.57390,
1403636599563555584,0.15516,0.15052,-0.27648,-0.11848,0.80263,0.12415,0.57126,
1403636599663555328,0.15831,0.14955,-0.28555,-0.11473,0.80668,0.12121,0.56693,
1403636599863555328,0.15845,0.14580,-0.28912,-0.11870,0.79213,0.11813,0.58693,
1403636623763555584,0.15777,0.14114,-0.29169,-0.12582,0.79014,0.10929,0.58984,
1403636624363555328,0.15645,0.13878,-0.29171,-0.12109,0.79583,0.10791,0.58339,
1403636624463555584,0.15388,0.13343,-0.29192,-0.11815,0.80118,0.10679,0.57684,
1403636624563555584,0.14969,0.12582,-0.29169,-0.11422,0.80626,0.10537,0.57079,
1403636624663555328,0.14572,0.11565,-0.29120,-0.10956,0.80558,0.10659,0.57243,
1403636624763555584,0.14048,0.10214,-0.29211,-0.10363,0.80357,0.11041,0.57562,
1403636624863555328,0.13186,0.08514,-0.29017,-0.09160,0.80684,0.11993,0.57117,
1403636624963555584,0.12059,0.06708,-0.28036,-0.07728,0.81333,0.13082,0.56162,
1403636625063555584,0.10858,0.05189,-0.26203,-0.06960,0.81957,0.13703,0.55198,
1403636625163555328,0.09941,0.04317,-0.23713,-0.07263,0.82429,0.13564,0.54486,
1403636625263555584,0.09387,0.03859,-0.20799,-0.08014,0.82178,0.13146,0.54862,
1403636625363555328,0.09202,0.03700,-0.18996,-0.08548,0.81832,0.12965,0.55339,
1403636625563555584,0.09442,0.03713,-0.19943,-0.08664,0.82176,0.13224,0.54747,
1403636625763555584,0.11304,0.04855,-0.18066,-0.08877,0.81583,0.13438,0.55541,
1403636625863555328,0.12636,0.05800,-0.14624,-0.09257,0.80948,0.13313,0.56432,
1403636625963555584,0.14050,0.06864,-0.09996,-0.09574,0.80579,0.13187,0.56934,
1403636626063555584,0.15335,0.07896,-0.05197,-0.10106,0.80393,0.12919,0.57166,
1403636626163555328,0.16429,0.08781,-0.00719,-0.11018,0.80370,0.12353,0.57155,
1403636626263555584,0.17446,0.09350,0.02937,-0.11653,0.80361,0.11958,0.57126,
1403636626463555584,0.19332,0.09318,0.06135,-0.11448,0.80217,0.12244,0.57309,
1403636626563555584,0.20203,0.08793,0.06605,-0.10976,0.79750,0.12702,0.57949,
1403636626863555328,0.20723,0.05992,0.05465,-0.10536,0.79824,0.13650,0.57714,
1403636626963555584,0.20249,0.04853,0.04300,-0.10371,0.80323,0.13849,0.56998,
1403636627063555584,0.19644,0.03725,0.02983,-0.10205,0.80794,0.13963,0.56331,
1403636627363555328,0.18315,0.00737,0.04763,-0.10500,0.80344,0.13856,0.56944,
1403636627563555584,0.17371,-0.01349,0.09499,-0.10495,0.80500,0.13055,0.56914,
1403636627663555328,0.16817,-0.02652,0.10115,-0.09964,0.80869,0.12431,0.56625,
1403636627763555584,0.16186,-0.04111,0.09289,-0.09145,0.81610,0.11739,0.55843,
1403636627863555328,0.15814,-0.05725,0.08116,-0.08150,0.82359,0.10881,0.55065,
1403636627963555584,0.15834,-0.07174,0.07284,-0.07279,0.82877,0.10242,0.54530,
1403636628063555584,0.16654,-0.08274,0.07421,-0.06727,0.82884,0.09698,0.54689,
1403636628163555328,0.17985,-0.09117,0.08862,-0.06700,0.82080,0.09071,0.55997,
1403636628263555584,0.19560,-0.09852,0.10883,-0.07094,0.81311,0.08370,0.57168,
1403636628363555328,0.21025,-0.10709,0.13260,-0.07653,0.81009,0.07808,0.57602,
1403636628863555328,0.27046,-0.19815,0.18009,-0.06734,0.81734,0.07453,0.56734,
1403636628963555584,0.28174,-0.22386,0.18183,-0.05946,0.82225,0.07142,0.56149,
1403636629063555584,0.28962,-0.25021,0.19340,-0.05507,0.82522,0.06745,0.55806,
1403636629163555328,0.29864,-0.27708,0.21004,-0.04987,0.82620,0.06228,0.55770,
1403636629263555584,0.31183,-0.30412,0.22264,-0.04412,0.82536,0.05324,0.56035,
1403636629363555328,0.32854,-0.32984,0.22936,-0.04229,0.82333,0.04373,0.56430,
1403636629463555584,0.34847,-0.35516,0.23022,-0.04385,0.82020,0.03191,0.56951,
1403636629563555584,0.36941,-0.38299,0.22337,-0.04117,0.82002,0.01782,0.57057,
1403636629663555328,0.39250,-0.41336,0.20771,-0.02967,0.82515,0.00506,0.56411,
1403636629763555584,0.41742,-0.44530,0.18596,-0.01498,0.83079,-0.00907,0.55630,
1403636629863555328,0.44674,-0.47838,0.16053,-0.00039,0.83394,-0.02613,0.55124,
1403636629963555584,0.48044,-0.51122,0.13672,0.01196,0.83493,-0.04121,0.54868,
1403636630063555584,0.51484,-0.54347,0.12095,0.01987,0.83358,-0.05174,0.54961,
1403636630163555328,0.55609,-0.57483,0.11468,0.02534,0.82682,-0.05873,0.55882,
1403636630263555584,0.59964,-0.60654,0.11639,0.02917,0.81933,-0.06302,0.56910,
1403636630463555584,0.68488,-0.67162,0.13216,0.03183,0.82026,-0.06315,0.56760,
1403636630763555584,0.81838,-0.76742,0.17859,0.03250,0.82425,-0.05036,0.56304,
1403636631063555584,0.96397,-0.85821,0.18015,0.02010,0.82367,-0.04949,0.56454,
1403636631263555584,1.05935,-0.92021,0.16810,0.01905,0.81952,-0.04823,0.57070,
1403636631663555328,1.25040,-1.03441,0.12162,0.02169,0.81977,-0.04241,0.57070,
1403636632063555584,1.41649,-1.13441,0.11043,0.02629,0.81963,-0.03946,0.57092,
1403636632263555584,1.48862,-1.16256,0.10763,0.03315,0.81719,-0.03883,0.57410,
1403636632563555584,1.59271,-1.19071,0.07409,0.02167,0.82403,-0.04742,0.56414,
1403636632663555328,1.62377,-1.19706,0.05869,0.00890,0.82908,-0.04502,0.55724,
1403636632763555584,1.66385,-1.20601,0.04170,-0.00432,0.83123,-0.03363,0.55489,
1403636632863555328,1.71476,-1.21429,0.03150,-0.01296,0.82925,-0.01113,0.55861,
1403636632963555584,1.76810,-1.23183,0.03070,-0.01863,0.82487,0.01350,0.56485,
1403636633063555584,1.81814,-1.24383,0.03502,-0.02335,0.82236,0.03228,0.56758,
1403636633163555328,1.87006,-1.25524,0.03623,-0.02876,0.82116,0.04467,0.56822,
1403636633363555328,1.97480,-1.27420,0.01947,-0.04061,0.82313,0.05235,0.56397,
1403636633563555584,2.08758,-1.29106,-0.01387,-0.04627,0.82750,0.04856,0.55744,
1403636633763555584,2.20813,-1.30795,-0.04060,-0.04371,0.82926,0.04342,0.55546,
1403636633963555584,2.34244,-1.32723,-0.04144,-0.04872,0.82737,0.03212,0.55861,
1403636634163555328,2.48702,-1.35433,-0.04349,-0.05090,0.82717,0.02731,0.55898,
1403636634363555328,2.64821,-1.39275,-0.02406,-0.04168,0.82310,0.03786,0.56509,
1403636634463555584,2.73233,-1.41406,-0.01648,-0.03902,0.81862,0.04203,0.57147,
1403636634563555584,2.81481,-1.43512,-0.01542,-0.03883,0.81515,0.04496,0.57620,
1403636634763555584,2.96648,-1.47258,-0.02713,-0.04300,0.81406,0.05941,0.57613,
1403636634963555584,3.11564,-1.50448,-0.02583,-0.05100,0.81799,0.07104,0.56854,
1403636635163555328,3.25806,-1.52888,-0.01300,-0.05426,0.81964,0.08027,0.56462,
1403636635363555328,3.40004,-1.54724,-0.02247,-0.06375,0.82295,0.07908,0.55896,
1403636635563555584,3.54778,-1.56379,-0.02234,-0.07004,0.82386,0.07550,0.55735,
1403636635763555584,3.69827,-1.58616,0.00005,-0.07302,0.82056,0.07102,0.56241,
1403636635863555328,3.77878,-1.59884,0.02307,-0.07891,0.81712,0.06501,0.56732,
1403636636063555584,3.94097,-1.63893,0.07528,-0.07460,0.82517,0.06543,0.55610,
1403636636163555328,4.02464,-1.66187,0.09937,-0.06649,0.82543,0.07068,0.55610,
1403636636263555584,4.11270,-1.68574,0.13007,-0.06033,0.81879,0.07489,0.56598,
1403636636363555328,4.19833,-1.70958,0.16582,-0.05809,0.81156,0.07624,0.57636,
1403636636463555584,4.28185,-1.73231,0.19923,-0.05788,0.80228,0.07674,0.58916,
1403636636563555584,4.35899,-1.75440,0.22365,-0.05232,0.79949,0.08038,0.59297,
1403636636763555584,4.50052,-1.79281,0.25103,-0.03753,0.79896,0.09040,0.59337,
1403636637063555584,4.67308,-1.81825,0.23845,-0.04956,0.80616,0.08619,0.58329,
1403636637263555584,4.77103,-1.81921,0.21047,-0.05814,0.81449,0.08269,0.57130,
1403636637563555584,4.90700,-1.80910,0.20713,-0.06052,0.81944,0.08563,0.56349,
1403636637863555328,5.05323,-1.79213,0.26821,-0.06373,0.81641,0.08733,0.56726,
1403636637963555584,5.10380,-1.78487,0.29835,-0.06494,0.81356,0.08775,0.57115,
1403636638163555328,5.20709,-1.76876,0.31249,-0.06754,0.80926,0.08803,0.57688,
1403636638463555584,5.33169,-1.74862,0.26519,-0.08028,0.82496,0.08165,0.55347,
1403636638563555584,5.36997,-1.74576,0.24541,-0.08461,0.83253,0.07897,0.54176,
1403636638763555584,5.47564,-1.74691,0.23500,-0.07375,0.82790,0.08800,0.54900,
1403636638863555328,5.53911,-1.74734,0.24403,-0.07358,0.82237,0.08848,0.55719,
1403636638963555584,5.60279,-1.74880,0.25683,-0.07795,0.81924,0.08602,0.56158,
1403636639063555584,5.66979,-1.75065,0.27118,-0.08745,0.81904,0.07935,0.56145,
1403636639263555584,5.80704,-1.76731,0.26849,-0.09863,0.82036,0.07113,0.55877,
1403636639363555328,5.88239,-1.78372,0.25056,-0.08929,0.82039,0.07756,0.55944,
1403636639463555584,5.95935,-1.80300,0.22766,-0.07827,0.82028,0.08531,0.56012,
1403636639563555584,6.03868,-1.82285,0.20110,-0.06644,0.81773,0.09367,0.56403,
1403636639663555328,6.11944,-1.84114,0.17237,-0.06084,0.81440,0.09829,0.56867,
1403636639763555584,6.19750,-1.85715,0.14890,-0.06538,0.81007,0.09552,0.57479,
1403636639963555584,6.33784,-1.88635,0.12361,-0.07280,0.80783,0.09117,0.57775,
1403636640163555328,6.47023,-1.91467,0.12863,-0.07696,0.80555,0.10289,0.57843,
1403636640363555328,6.59412,-1.94319,0.15544,-0.08476,0.80475,0.11606,0.57595,
1403636640763555584,6.80435,-1.99912,0.14715,-0.09118,0.80480,0.12674,0.57264,
1403636641263555584,7.01906,-2.04949,0.12110,-0.09077,0.80479,0.12640,0.57279,
1403636641763555584,7.19722,-2.09484,0.05198,-0.09029,0.80599,0.12174,0.57219,
1403636642063555584,7.29094,-2.12617,0.08338,-0.08284,0.80526,0.10988,0.57673,
1403636642163555328,7.32169,-2.13586,0.09706,-0.07687,0.80541,0.10344,0.57854,
1403636642363555328,7.36981,-2.15557,0.10490,-0.06902,0.80589,0.08944,0.58119,
1403636642463555584,7.39312,-2.16638,0.09843,-0.06453,0.80618,0.08171,0.58244,
1403636642663555328,7.42802,-2.18820,0.06855,-0.05838,0.81457,0.07310,0.57247,
1403636642863555328,7.45604,-2.20889,0.03862,-0.05681,0.82174,0.06950,0.56276,
1403636643163555328,7.50439,-2.24044,0.04496,-0.06010,0.81624,0.06747,0.57061,
1403636643563555584,7.58466,-2.29351,0.04601,-0.06204,0.82288,0.06949,0.56052,
1403636643863555328,7.67792,-2.33785,0.09887,-0.05911,0.83208,0.07563,0.54629,
1403636644263555584,7.87949,-2.38912,0.12254,-0.06432,0.82824,0.07217,0.55198,
1403636644363555328,7.94163,-2.40122,0.11773,-0.07557,0.81969,0.06351,0.56424,
1403636644463555584,8.00431,-2.41464,0.10376,-0.08169,0.81351,0.05867,0.57278,
1403636644663555328,8.12631,-2.45649,0.05322,-0.08729,0.80775,0.05435,0.58049,
1403636644763555584,8.18202,-2.48563,0.01736,-0.07313,0.80722,0.06394,0.58221,
1403636644863555328,8.23581,-2.51760,-0.02345,-0.05941,0.80776,0.07195,0.58208,
1403636644963555584,8.28579,-2.54949,-0.06317,-0.05624,0.81107,0.07244,0.57771,
1403636645063555584,8.33151,-2.58022,-0.09557,-0.05558,0.82205,0.07133,0.56220,
1403636645163555328,8.37816,-2.61143,-0.12116,-0.05390,0.83433,0.07129,0.54397,
1403636645263555584,8.43377,-2.64102,-0.13824,-0.05325,0.84188,0.07066,0.53236,
1403636645463555584,8.57338,-2.69573,-0.15429,-0.05269,0.83421,0.06961,0.54449,
1403636645563555584,8.65574,-2.71942,-0.16770,-0.05193,0.83179,0.06949,0.54827,
1403636645763555584,8.82926,-2.76245,-0.19901,-0.05143,0.82866,0.06943,0.55304,
1403636645963555584,9.02226,-2.80059,-0.19726,-0.05439,0.82682,0.06541,0.55599,
1403636646063555584,9.12319,-2.81967,-0.18289,-0.05489,0.82317,0.05476,0.56248,
1403636646163555328,9.22520,-2.84169,-0.16600,-0.04976,0.82047,0.03732,0.56829,
1403636646263555584,9.32867,-2.86730,-0.15244,-0.04163,0.81767,0.01394,0.57401,
1403636646363555328,9.42540,-2.89772,-0.14345,-0.03049,0.81313,-0.01273,0.58115,
1403636646463555584,9.51971,-2.93257,-0.13994,-0.01100,0.80797,-0.03338,0.58817,
1403636646563555584,9.60949,-2.96991,-0.13531,0.00794,0.80305,-0.04619,0.59407,
1403636646663555328,9.69460,-3.00838,-0.12788,0.02132,0.80395,-0.05501,0.59176,
1403636646763555584,9.77527,-3.04700,-0.11085,0.02873,0.80531,-0.06231,0.58887,
1403636646863555328,9.85233,-3.08513,-0.08343,0.03387,0.80484,-0.06672,0.58875,
1403636647163555328,10.04395,-3.19542,-0.01599,0.03669,0.81268,-0.06934,0.57740,
1403636647363555328,10.16091,-3.26981,0.00769,0.03278,0.81231,-0.06852,0.57826,
1403636647563555584,10.27064,-3.34628,0.01568,0.02500,0.80573,-0.06827,0.58780,
1403636647763555584,10.36304,-3.42905,0.02810,0.02590,0.80382,-0.07072,0.59008,
1403636647863555328,10.39743,-3.47199,0.03718,0.03153,0.80531,-0.07306,0.58749,
1403636647963555584,10.42566,-3.51643,0.03875,0.03933,0.80454,-0.08144,0.58697,
1403636648063555584,10.44990,-3.56342,0.03126,0.05101,0.80364,-0.09600,0.58511,
1403636648163555328,10.47228,-3.61286,0.01678,0.06536,0.80136,-0.11626,0.58313,
1403636648263555584,10.49219,-3.66340,-0.00151,0.08087,0.79770,-0.13815,0.58142,
1403636648363555328,10.51142,-3.71572,-0.02346,0.09720,0.79334,-0.16083,0.57905,
1403636648463555584,10.52572,-3.76725,-0.04956,0.11413,0.78888,-0.18419,0.57508,
1403636648563555584,10.53670,-3.81798,-0.07580,0.12902,0.78360,-0.20605,0.57172,
1403636648663555328,10.54265,-3.86689,-0.09650,0.14115,0.78043,-0.22143,0.56743,
1403636648763555584,10.54803,-3.91511,-0.11074,0.14984,0.78121,-0.23158,0.56002,
1403636648863555328,10.55467,-3.96340,-0.11685,0.15149,0.78760,-0.23965,0.54709,
1403636648963555584,10.56293,-4.01097,-0.11219,0.15272,0.79337,-0.24305,0.53681,
1403636649163555328,10.58821,-4.10826,-0.07498,0.15855,0.78412,-0.23940,0.55019,
1403636649263555584,10.60302,-4.15736,-0.04506,0.16125,0.77784,-0.23510,0.56008,
1403636649563555584,10.62978,-4.29583,0.07005,0.15465,0.78157,-0.22719,0.56001,
1403636649663555328,10.63449,-4.34016,0.11911,0.15287,0.77682,-0.22904,0.56632,
1403636649763555584,10.63489,-4.38302,0.16148,0.15683,0.77254,-0.23539,0.56848,
1403636649863555328,10.63192,-4.42284,0.19686,0.16338,0.76950,-0.24015,0.56878,
1403636649963555584,10.62707,-4.46052,0.22353,0.16907,0.76753,-0.24384,0.56820,
1403636650163555328,10.60781,-4.53227,0.24803,0.17909,0.76259,-0.25599,0.56644,
1403636650263555584,10.58950,-4.56687,0.25078,0.19042,0.75828,-0.27066,0.56169,
1403636650363555328,10.56882,-4.60149,0.24870,0.20275,0.75242,-0.29129,0.55490,
1403636650463555584,10.54525,-4.63404,0.24224,0.21713,0.74701,-0.31309,0.54480,
1403636650563555584,10.51838,-4.66183,0.23052,0.22853,0.74250,-0.33400,0.53377,
1403636650663555328,10.49169,-4.68738,0.21511,0.23684,0.73859,-0.34873,0.52610,
1403636650763555584,10.46567,-4.71145,0.19969,0.24370,0.73506,-0.35889,0.52106,
1403636650863555328,10.44119,-4.73478,0.19265,0.24969,0.73051,-0.36420,0.52092,
1403636650963555584,10.41693,-4.75671,0.19360,0.25525,0.72472,-0.36516,0.52562,
1403636651163555328,10.36459,-4.79582,0.21200,0.25874,0.72123,-0.36337,0.52995,
1403636651463555584,10.27433,-4.83340,0.26322,0.24929,0.73124,-0.36037,0.52275,
1403636651663555328,10.21269,-4.85054,0.27250,0.24862,0.72758,-0.35355,0.53275,
1403636651863555328,10.14353,-4.85943,0.26325,0.24511,0.71696,-0.36477,0.54114,
1403636651963555584,10.10048,-4.86038,0.25205,0.25045,0.70836,-0.37895,0.54029,
1403636652063555584,10.05120,-4.86213,0.23651,0.26385,0.69943,-0.39584,0.53338,
1403636652163555328,9.99479,-4.86220,0.21684,0.28373,0.69157,-0.41594,0.51791,
1403636652263555584,9.93089,-4.86015,0.19369,0.30237,0.68127,-0.44205,0.49904,
1403636652363555328,9.86149,-4.85252,0.16455,0.31625,0.67102,-0.47070,0.47766,
1403636652463555584,9.79320,-4.84781,0.13650,0.32697,0.66023,-0.49305,0.46269,
1403636652563555584,9.72734,-4.84547,0.11343,0.33237,0.65259,-0.51031,0.45083,
1403636652663555328,9.66489,-4.84832,0.09937,0.33483,0.65015,-0.52197,0.43902,
1403636652763555584,9.60576,-4.85719,0.09692,0.33787,0.64863,-0.52723,0.43260,
1403636652963555584,9.50009,-4.89325,0.11762,0.34382,0.64530,-0.52654,0.43374,
1403636653163555328,9.40455,-4.95163,0.12901,0.35006,0.64329,-0.51736,0.44269,
1403636653263555584,9.36053,-4.98769,0.12459,0.35470,0.64043,-0.50995,0.45164,
1403636653463555584,9.27046,-5.05325,0.12723,0.35618,0.64204,-0.49944,0.45987,
1403636653763555584,9.14661,-5.12714,0.17301,0.35506,0.64289,-0.49047,0.46912,
1403636654163555328,8.98911,-5.16723,0.16062,0.35126,0.63898,-0.49562,0.47190,
1403636654263555584,8.95114,-5.16604,0.15480,0.35703,0.63426,-0.50124,0.46798,
1403636654363555328,8.91019,-5.16278,0.15633,0.36360,0.62870,-0.51083,0.45997,
1403636654463555584,8.86948,-5.15661,0.16574,0.37114,0.62117,-0.52341,0.44994,
1403636654563555584,8.82854,-5.14740,0.18220,0.38142,0.61116,-0.53664,0.43935,
1403636654663555328,8.78833,-5.13665,0.19861,0.38427,0.60213,-0.55159,0.43073,
1403636654763555584,8.74842,-5.12581,0.21016,0.38740,0.59588,-0.56182,0.42333,
1403636654863555328,8.71086,-5.11504,0.21415,0.39157,0.59120,-0.56835,0.41730,
1403636654963555584,8.67522,-5.10545,0.21223,0.39829,0.58586,-0.57018,0.41596,
1403636655063555584,8.63975,-5.09544,0.20609,0.40559,0.57875,-0.56894,0.42054,
1403636655263555584,8.56961,-5.06992,0.18507,0.41231,0.56944,-0.56847,0.42730,
1403636655363555328,8.53387,-5.04852,0.17326,-0.41542,-0.56290,0.57262,-0.42741,
1403636655463555584,8.49714,-5.02175,0.16493,-0.41920,-0.55607,0.57778,-0.42571,
1403636655563555584,8.45855,-4.98839,0.16324,-0.42108,-0.55020,0.58744,-0.41820,
1403636655663555328,8.41885,-4.94909,0.15981,-0.41790,-0.54516,0.60279,-0.40597,
1403636655763555584,8.37687,-4.90899,0.14758,-0.41589,-0.54015,0.61535,-0.39575,
1403636655863555328,8.33316,-4.86960,0.12194,-0.41786,-0.53069,0.62752,-0.38726,
1403636655963555584,8.28707,-4.83162,0.08944,-0.42330,-0.51728,0.64005,-0.37891,
1403636656063555584,8.23719,-4.79444,0.06227,-0.42981,-0.50544,0.64882,-0.37260,
1403636656163555328,8.18474,-4.75813,0.04435,-0.43544,-0.49924,0.65442,-0.36455,
1403636656263555584,8.13028,-4.72289,0.03825,-0.43886,-0.49701,0.65807,-0.35682,
1403636656363555328,8.07625,-4.69229,0.04275,-0.43921,-0.49546,0.66106,-0.35301,
1403636656563555584,7.96704,-4.64548,0.07672,-0.44068,-0.49690,0.66041,-0.35035,
1403636656663555328,7.91297,-4.63102,0.09468,-0.44484,-0.49643,0.65609,-0.35386,
1403636656763555584,7.85558,-4.61496,0.10787,-0.45359,-0.49232,0.64786,-0.36352,
1403636656863555328,7.79803,-4.59747,0.11292,-0.46035,-0.49243,0.64113,-0.36680,
1403636657063555584,7.68625,-4.55036,0.09925,-0.46229,-0.49112,0.63585,-0.37521,
1403636657363555328,7.52628,-4.44336,0.06663,-0.44986,-0.49137,0.64230,-0.37900,
1403636657463555584,7.47469,-4.39962,0.06169,-0.44111,-0.49324,0.64885,-0.37566,
1403636657563555584,7.42206,-4.35421,0.05302,-0.43521,-0.49509,0.65339,-0.37222,
1403636657763555584,7.30326,-4.26602,0.02234,-0.43514,-0.49326,0.65532,-0.37135,
1403636657863555328,7.24136,-4.21889,0.00143,-0.43236,-0.48894,0.66004,-0.37196,
1403636657963555584,7.17439,-4.17115,-0.01812,-0.42684,-0.48586,0.66601,-0.37173,
1403636658063555584,7.10044,-4.12464,-0.02852,-0.42787,-0.48693,0.66719,-0.36700,
1403636658163555328,7.02218,-4.07827,-0.03002,-0.43475,-0.49076,0.66429,-0.35899,
1403636658263555584,6.94141,-4.03528,-0.02901,-0.44094,-0.49411,0.66156,-0.35181,
1403636658363555328,6.86232,-3.99602,-0.03275,-0.44377,-0.49605,0.66077,-0.34696,
1403636658463555584,6.78324,-3.96039,-0.04034,-0.44580,-0.49826,0.66017,-0.34230,
1403636658563555584,6.70416,-3.92877,-0.05003,-0.45004,-0.50173,0.65767,-0.33645,
1403636658663555328,6.62643,-3.90126,-0.06169,-0.45327,-0.50392,0.65555,-0.33295,
1403636658763555584,6.55285,-3.87857,-0.07561,-0.45773,-0.50471,0.65253,-0.33159,
1403636658863555328,6.48370,-3.86043,-0.09214,-0.46502,-0.50477,0.64751,-0.33121,
1403636659063555584,6.35964,-3.82689,-0.13737,-0.46782,-0.49399,0.64569,-0.34670,
1403636659263555584,6.25315,-3.79211,-0.19593,-0.46926,-0.48988,0.64425,-0.35321,
1403636659363555328,6.20544,-3.77281,-0.22161,-0.46547,-0.49212,0.64683,-0.35038,
1403636659463555584,6.16150,-3.75243,-0.24172,-0.45991,-0.49665,0.65049,-0.34452,
1403636659663555328,6.08095,-3.71253,-0.26799,-0.46221,-0.49590,0.65001,-0.34341,
1403636659863555328,6.01473,-3.67303,-0.31157,-0.46641,-0.49241,0.64935,-0.34400,
1403636659963555584,5.98761,-3.64801,-0.34087,-0.46372,-0.49366,0.65254,-0.33979,
1403636660063555584,5.96337,-3.62475,-0.37403,-0.45829,-0.49569,0.65744,-0.33473,
1403636660163555328,5.94181,-3.60372,-0.40993,-0.45445,-0.49779,0.66091,-0.32996,
1403636660263555584,5.92130,-3.58621,-0.44787,-0.45180,-0.49888,0.66320,-0.32735,
1403636660363555328,5.90334,-3.57390,-0.48304,-0.44528,-0.50288,0.66792,-0.32051,
1403636660463555584,5.88664,-3.56905,-0.50968,-0.43861,-0.50584,0.67255,-0.31531,
1403636660663555328,5.85712,-3.58566,-0.55559,-0.45367,-0.50185,0.66166,-0.32332,
1403636660763555584,5.84562,-3.60255,-0.58446,-0.46711,-0.49971,0.65166,-0.32777,
1403636660963555584,5.83817,-3.63777,-0.66043,-0.48105,-0.50019,0.64062,-0.32864,
1403636661163555328,5.85592,-3.67341,-0.75355,-0.47632,-0.49266,0.64380,-0.34050,
1403636661363555328,5.89292,-3.70030,-0.83540,-0.47438,-0.48897,0.64500,-0.34618,
1403636661563555584,5.94146,-3.71767,-0.88802,-0.47090,-0.48889,0.64691,-0.34748,
1403636661763555584,5.99970,-3.72608,-0.91028,-0.46708,-0.48501,0.64889,-0.35432,
1403636661963555584,6.06003,-3.72449,-0.90676,-0.46315,-0.47996,0.65010,-0.36402,
1403636662263555584,6.14246,-3.69429,-0.87109,-0.46969,-0.48821,0.64588,-0.35197,
1403636662463555584,6.20216,-3.65962,-0.87035,-0.46727,-0.49531,0.64954,-0.33827,
1403636662563555584,6.23711,-3.64242,-0.87810,-0.46083,-0.49669,0.65498,-0.33456,
1403636662663555328,6.27413,-3.62673,-0.88939,-0.45174,-0.48976,0.66240,-0.34249,
1403636662763555584,6.30934,-3.61331,-0.90316,-0.44660,-0.48124,0.66642,-0.35332,
1403636662963555584,6.36532,-3.58755,-0.94496,-0.43990,-0.48022,0.67226,-0.35205,
1403636663063555584,6.38637,-3.57534,-0.96667,-0.43178,-0.47845,0.67823,-0.35307,
1403636663263555584,6.40611,-3.55804,-0.99383,-0.43370,-0.48472,0.67790,-0.34265,
1403636663363555328,6.40645,-3.55449,-1.00994,-0.44120,-0.49477,0.67306,-0.32793,
1403636663463555584,6.40602,-3.55637,-1.03311,-0.44251,-0.50307,0.67169,-0.31613,
1403636663663555328,6.40751,-3.58378,-1.09158,-0.44081,-0.51001,0.67242,-0.30566,
1403636663863555328,6.41696,-3.65067,-1.14049,-0.45767,-0.51884,0.65810,-0.29706,
1403636663963555584,6.43125,-3.69942,-1.15348,-0.46845,-0.52004,0.64875,-0.29872,
1403636664063555584,6.45504,-3.75411,-1.15965,-0.47732,-0.51922,0.64077,-0.30330,
1403636664163555328,6.48908,-3.81463,-1.16061,-0.47776,-0.51444,0.63891,-0.31447,
1403636664263555584,6.53142,-3.87864,-1.15900,-0.47709,-0.50857,0.63727,-0.32805,
1403636664363555328,6.57935,-3.94280,-1.16940,-0.47539,-0.50534,0.63622,-0.33742,
1403636664463555584,6.63083,-4.00600,-1.19658,-0.47330,-0.50465,0.63501,-0.34363,
1403636664563555584,6.68690,-4.06721,-1.22907,-0.47119,-0.50416,0.63334,-0.35026,
1403636664663555328,6.74772,-4.12512,-1.25812,-0.46564,-0.50179,0.63390,-0.35993,
1403636664763555584,6.81020,-4.17912,-1.28012,-0.46121,-0.50485,0.63413,-0.36095,
1403636664863555328,6.87392,-4.23042,-1.29487,-0.46026,-0.51010,0.63188,-0.35873,
1403636664963555584,6.93994,-4.28114,-1.30402,-0.45613,-0.51273,0.63248,-0.35919,
1403636665063555584,7.00739,-4.32860,-1.30573,-0.44820,-0.51659,0.63633,-0.35686,
1403636665163555328,7.07571,-4.37368,-1.29870,-0.44203,-0.51977,0.63928,-0.35464,
1403636665263555584,7.14452,-4.41950,-1.28710,-0.43721,-0.51474,0.64167,-0.36353,
1403636665363555328,7.21064,-4.46864,-1.27476,-0.43843,-0.51062,0.64030,-0.37023,
1403636665563555584,7.33296,-4.55856,-1.24925,-0.44882,-0.51907,0.63463,-0.35549,
1403636665763555584,7.45988,-4.64643,-1.22148,-0.45669,-0.52067,0.63163,-0.34838,
1403636665863555328,7.52740,-4.69192,-1.20287,-0.45699,-0.51304,0.63296,-0.35682,
1403636665963555584,7.59765,-4.73794,-1.18567,-0.45068,-0.50304,0.63870,-0.36865,
1403636666063555584,7.66732,-4.78135,-1.17336,-0.44593,-0.49841,0.64287,-0.37343,
1403636666263555584,7.79910,-4.85612,-1.16487,-0.45326,-0.50050,0.63844,-0.36939,
1403636666363555328,7.86430,-4.89014,-1.16794,-0.45265,-0.49775,0.63841,-0.37388,
1403636666463555584,7.92799,-4.91877,-1.17237,-0.44741,-0.49656,0.64125,-0.37689,
1403636666563555584,7.98704,-4.94186,-1.17133,-0.44456,-0.49996,0.64218,-0.37419,
1403636666663555328,8.04213,-4.96128,-1.16117,-0.44370,-0.50728,0.64153,-0.36639,
1403636666763555584,8.09980,-4.97879,-1.14673,-0.44016,-0.51474,0.64270,-0.35812,
1403636666863555328,8.15650,-4.99670,-1.13202,-0.43152,-0.51763,0.64753,-0.35576,
1403636666963555584,8.21048,-5.01678,-1.12441,-0.41364,-0.51378,0.65879,-0.36184,
1403636667163555328,8.29764,-5.06859,-1.11845,-0.42928,-0.51171,0.64732,-0.36723,
1403636667263555584,8.33579,-5.09948,-1.12236,-0.44594,-0.51352,0.63531,-0.36581,
1403636667563555584,8.45517,-5.18076,-1.16006,-0.44278,-0.52035,0.63595,-0.35882,
1403636667663555328,8.50275,-5.21135,-1.17150,-0.43181,-0.51967,0.64359,-0.35954,
1403636667863555328,8.58455,-5.27105,-1.17071,-0.42809,-0.51543,0.64672,-0.36445,
1403636668463555584,8.78463,-5.47563,-1.23844,-0.44332,-0.51492,0.64627,-0.34737,
1403636668863555328,8.93372,-5.65400,-1.33457,-0.46384,-0.51651,0.63721,-0.33472,
1403636669063555584,9.03438,-5.75040,-1.35440,-0.46750,-0.50830,0.63527,-0.34569,
1403636669163555328,9.09406,-5.79454,-1.35496,-0.46504,-0.50328,0.63766,-0.35191,
1403636669363555328,9.21814,-5.87216,-1.36858,-0.46482,-0.50099,0.63896,-0.35311,
1403636669563555584,9.35216,-5.94213,-1.39890,-0.47076,-0.49703,0.63422,-0.35933,
1403636669663555328,9.42227,-5.97140,-1.41368,-0.47765,-0.49392,0.62833,-0.36482,
1403636669763555584,9.49565,-5.99539,-1.42453,-0.48154,-0.49095,0.62456,-0.37016,
1403636669863555328,9.57133,-6.01109,-1.43019,-0.46744,-0.48130,0.63274,-0.38663,
1403636669963555584,9.64588,-6.01517,-1.42875,-0.44682,-0.47402,0.64572,-0.39838,
1403636670063555584,9.70715,-6.00801,-1.41943,-0.43498,-0.47255,0.65300,-0.40135,
1403636670163555328,9.76091,-5.99443,-1.40555,-0.42759,-0.47135,0.65450,-0.40820,
1403636670263555584,9.80399,-5.97402,-1.39057,-0.42180,-0.46442,0.65213,-0.42558,
1403636670363555328,9.83333,-5.94369,-1.38222,-0.41444,-0.46205,0.65041,-0.43784,
1403636670463555584,9.84917,-5.90345,-1.37934,-0.40316,-0.46693,0.64848,-0.44600,
1403636670563555584,9.85077,-5.85453,-1.37212,-0.39156,-0.47634,0.64267,-0.45470,
1403636670663555328,9.83369,-5.79783,-1.35661,-0.38154,-0.48984,0.63279,-0.46266,
1403636670763555584,9.79761,-5.73329,-1.33420,-0.37213,-0.50454,0.61987,-0.47193,
1403636670863555328,9.74479,-5.66407,-1.31214,-0.35721,-0.51665,0.60719,-0.48661,
1403636670963555584,9.67336,-5.58966,-1.29155,-0.33922,-0.52662,0.59235,-0.50668,
1403636671063555584,9.57832,-5.50819,-1.26403,-0.32547,-0.54262,0.57095,-0.52311,
1403636671163555328,9.45651,-5.42030,-1.22766,0.31721,0.56681,-0.54650,0.52862,
1403636671263555584,9.31110,-5.32790,-1.18485,0.30984,0.59203,-0.52631,0.52583,
1403636671363555328,9.14666,-5.23227,-1.14162,0.31285,0.62392,-0.50631,0.50646,
1403636671463555584,8.97361,-5.13613,-1.10086,0.31631,0.65623,-0.48458,0.48424,
1403636671563555584,8.80007,-5.04180,-1.06572,0.30822,0.67982,-0.47140,0.46971,
1403636671663555328,8.62919,-4.95294,-1.03721,0.29746,0.69630,-0.46550,0.45824,
1403636671763555584,8.46331,-4.87155,-1.01280,0.28930,0.70621,-0.46302,0.45076,
1403636671863555328,8.30416,-4.80037,-0.99130,0.28481,0.71403,-0.46222,0.44204,
1403636671963555584,8.15391,-4.74212,-0.96636,0.28112,0.72151,-0.46463,0.42954,
1403636672063555584,8.01529,-4.69884,-0.93202,0.28476,0.72830,-0.46351,0.41671,
1403636672163555328,7.89167,-4.67029,-0.88732,0.29770,0.73113,-0.45653,0.41037,
1403636672263555584,7.78479,-4.65262,-0.83878,0.30590,0.73121,-0.45365,0.40737,
1403636672363555328,7.69506,-4.64657,-0.79389,0.31828,0.73016,-0.44685,0.40729,
1403636672463555584,7.62172,-4.64802,-0.75884,0.33495,0.72530,-0.43558,0.41476,
1403636672563555584,7.56185,-4.65169,-0.73793,0.34087,0.70842,-0.43270,0.44127,
1403636672663555328,7.51154,-4.65593,-0.73773,0.33821,0.69309,-0.43513,0.46466,
1403636672863555328,7.42770,-4.65907,-0.78711,0.31694,0.69500,-0.44470,0.46772,
1403636672963555584,7.39508,-4.66163,-0.80926,0.31004,0.70221,-0.43583,0.46993,
1403636673063555584,7.36881,-4.66516,-0.82424,0.30346,0.71186,-0.42260,0.47178,
1403636673163555328,7.34925,-4.66989,-0.83158,0.29307,0.72302,-0.41331,0.46961,
1403636673263555584,7.33577,-4.67583,-0.83127,0.28137,0.73653,-0.40841,0.45995,
1403636673363555328,7.33028,-4.68525,-0.82423,0.27261,0.74525,-0.40573,0.45351,
1403636673563555584,7.34703,-4.72074,-0.81329,0.27000,0.74674,-0.39745,0.45990,
1403636673663555328,7.37005,-4.74627,-0.81473,0.27557,0.74109,-0.39100,0.47114,
1403636673763555584,7.40091,-4.77525,-0.81835,0.28199,0.73414,-0.38442,0.48348,
1403636673863555328,7.43699,-4.80048,-0.82113,0.28514,0.72962,-0.38058,0.49144,
1403636674163555328,7.57252,-4.86608,-0.82556,0.28279,0.72993,-0.38182,0.49136,
1403636674363555328,7.68403,-4.90130,-0.85655,0.26986,0.72136,-0.39080,0.50407,
1403636674463555584,7.74482,-4.91848,-0.88217,0.25666,0.71953,-0.39215,0.51247,
1403636674563555584,7.80384,-4.93544,-0.91248,0.24672,0.72122,-0.38620,0.51945,
1403636674663555328,7.85948,-4.95378,-0.94662,0.24301,0.72439,-0.37730,0.52331,
1403636674763555584,7.91115,-4.97246,-0.98558,0.23532,0.73035,-0.37354,0.52124,
1403636674863555328,7.95833,-4.99244,-1.02477,0.22501,0.74048,-0.37406,0.51101,
1403636674963555584,8.00359,-5.01702,-1.05689,0.21784,0.74886,-0.37465,0.50140,
1403636675063555584,8.05094,-5.04880,-1.07899,0.21398,0.75507,-0.37507,0.49335,
1403636675263555584,8.15480,-5.13888,-1.09470,0.23413,0.76469,-0.36036,0.48017,
1403636675363555328,8.22145,-5.19555,-1.09274,0.24453,0.76378,-0.35306,0.48188,
1403636675463555584,8.29604,-5.25392,-1.08698,0.25019,0.75854,-0.34271,0.49454,
1403636675563555584,8.37709,-5.31088,-1.08728,0.25408,0.75668,-0.32847,0.50495,
1403636675663555328,8.46265,-5.36367,-1.09369,0.25462,0.75641,-0.31574,0.51315,
1403636675763555584,8.55217,-5.41030,-1.10567,0.24714,0.75541,-0.30462,0.52487,
1403636675863555328,8.64462,-5.45017,-1.12377,0.22323,0.75259,-0.30119,0.54135,
1403636675963555584,8.73484,-5.48565,-1.14817,0.19313,0.75533,-0.29880,0.55035,
1403636676063555584,8.82112,-5.52054,-1.17625,0.17339,0.76348,-0.28736,0.55178,
1403636676163555328,8.90281,-5.55636,-1.20627,0.16927,0.77521,-0.26440,0.54817,
1403636676263555584,8.98228,-5.59278,-1.23817,0.17168,0.78733,-0.23468,0.54365,
1403636676363555328,9.06314,-5.62672,-1.27059,0.17018,0.79764,-0.20511,0.54105,
1403636676463555584,9.14763,-5.65519,-1.29660,0.16271,0.80535,-0.17999,0.54087,
1403636676563555584,9.23486,-5.67574,-1.31519,0.14263,0.80924,-0.16554,0.54533,
1403636676663555328,9.32733,-5.69270,-1.32460,0.12334,0.80993,-0.15670,0.55158,
1403636676763555584,9.42046,-5.70675,-1.32567,0.10817,0.80863,-0.15306,0.55766,
1403636676863555328,9.51273,-5.71579,-1.32211,0.09369,0.80889,-0.15132,0.56037,
1403636676963555584,9.60175,-5.73116,-1.31476,0.08614,0.80823,-0.14891,0.56318,
1403636677163555328,9.77555,-5.76337,-1.34468,0.09881,0.80924,-0.13643,0.56280,
1403636677363555328,9.95004,-5.78401,-1.39792,0.10457,0.80223,-0.12392,0.57458,
1403636677463555584,10.04024,-5.79003,-1.41466,0.09992,0.79601,-0.11360,0.58607,
1403636677563555584,10.12184,-5.78558,-1.42346,0.08830,0.79255,-0.10322,0.59449,
1403636677663555328,10.19386,-5.78068,-1.41184,0.07145,0.79386,-0.09292,0.59670,
1403636677763555584,10.26109,-5.77071,-1.41826,0.05133,0.79811,-0.08104,0.59482,
1403636677863555328,10.31870,-5.75995,-1.41164,0.02450,0.80635,-0.06989,0.58679,
1403636677963555584,10.37036,-5.75122,-1.40136,0.00050,0.81351,-0.05442,0.57900,
1403636678063555584,10.41885,-5.74832,-1.39075,-0.01408,0.81733,-0.03362,0.57502,
1403636678163555328,10.46608,-5.75115,-1.38571,-0.01673,0.81720,-0.01139,0.57600,
1403636678263555584,10.51038,-5.75739,-1.38487,-0.01611,0.81726,0.00830,0.57598,
1403636678363555328,10.55557,-5.76418,-1.38346,-0.02449,0.81638,0.02317,0.57653,
1403636678463555584,10.60026,-5.77058,-1.37674,-0.03491,0.81688,0.03778,0.57451,
1403636678563555584,10.64371,-5.77675,-1.36353,-0.04564,0.81654,0.05375,0.57296,
1403636678663555328,10.68540,-5.78253,-1.34635,-0.05609,0.81424,0.07526,0.57290,
1403636678763555584,10.72606,-5.78787,-1.33315,-0.05931,0.81075,0.10496,0.57284,
1403636678863555328,10.76497,-5.79038,-1.32722,-0.05980,0.80722,0.13557,0.57135,
1403636678963555584,10.80276,-5.78736,-1.32775,-0.06257,0.80358,0.16041,0.56975,
1403636679063555584,10.83668,-5.77662,-1.33239,-0.07660,0.79921,0.17687,0.56931,
1403636679163555328,10.86591,-5.75867,-1.34199,-0.09870,0.79386,0.18872,0.56959,
1403636679263555584,10.89144,-5.73515,-1.35361,-0.12837,0.78698,0.19796,0.57008,
1403636679363555328,10.91294,-5.70975,-1.36038,-0.15320,0.78071,0.21177,0.56761,
1403636679463555584,10.93026,-5.68575,-1.35942,-0.17179,0.77528,0.22953,0.56280,
1403636679563555584,10.94407,-5.66423,-1.35178,-0.18475,0.77106,0.24728,0.55694,
1403636679663555328,10.95532,-5.64588,-1.33761,-0.19419,0.76916,0.25984,0.55060,
1403636679763555584,10.96152,-5.63245,-1.31848,-0.19742,0.76684,0.27036,0.54762,
1403636679863555328,10.96792,-5.62180,-1.29090,-0.19964,0.76044,0.27578,0.55301,
1403636679963555584,10.97427,-5.61104,-1.25649,-0.19546,0.75455,0.28187,0.55947,
1403636680063555584,10.97479,-5.60159,-1.21657,-0.18301,0.75072,0.29002,0.56464,
1403636680163555328,10.96736,-5.59182,-1.17665,-0.17147,0.74756,0.29616,0.56924,
1403636680463555584,10.89307,-5.54382,-1.09183,-0.15257,0.74925,0.30044,0.57016,
1403636680763555584,10.73985,-5.44773,-1.05630,-0.16154,0.76077,0.28549,0.56003,
1403636680863555328,10.67571,-5.40468,-1.05325,-0.17760,0.76755,0.27272,0.55223,
1403636680963555584,10.61017,-5.36092,-1.05574,-0.18989,0.77788,0.26299,0.53823,
1403636681063555584,10.54583,-5.31773,-1.06511,-0.18796,0.78722,0.26337,0.52498,
1403636681163555328,10.48631,-5.27435,-1.07683,-0.18301,0.79000,0.26654,0.52093,
1403636681263555584,10.43311,-5.22817,-1.08680,-0.17833,0.78061,0.27071,0.53438,
1403636681363555328,10.38203,-5.17942,-1.09277,-0.17951,0.77247,0.27054,0.54578,
1403636681463555584,10.33077,-5.12922,-1.09188,-0.18479,0.76807,0.26815,0.55138,
1403636681563555584,10.27811,-5.07945,-1.08659,-0.18729,0.76658,0.26832,0.55253,
1403636681763555584,10.16784,-4.98232,-1.08253,-0.18411,0.76425,0.27402,0.55401,
1403636681963555584,10.05003,-4.88412,-1.08165,-0.18799,0.76239,0.27536,0.55461,
1403636682063555584,9.98991,-4.83338,-1.07030,-0.19137,0.76284,0.27469,0.55318,
1403636682263555584,9.85944,-4.73776,-1.03608,-0.19489,0.76732,0.27396,0.54607,
1403636682363555328,9.79573,-4.69061,-1.02677,-0.19298,0.77436,0.27488,0.53625,
1403636682563555584,9.67185,-4.59452,-1.01891,-0.19012,0.77075,0.27349,0.54313,
1403636682763555584,9.55153,-4.49796,-1.02189,-0.19067,0.76485,0.26914,0.55337,
1403636682963555584,9.42511,-4.40404,-1.00721,-0.18382,0.76233,0.26956,0.55892,
1403636683163555328,9.28552,-4.31225,-0.98731,-0.18284,0.76265,0.27045,0.55838,
1403636683263555584,9.21117,-4.26608,-0.98745,-0.18585,0.76435,0.26964,0.55545,
1403636683363555328,9.13517,-4.22138,-0.99180,-0.18928,0.76500,0.26939,0.55352,
1403636683463555584,9.05972,-4.17873,-1.00064,-0.19203,0.76536,0.26986,0.55183,
1403636683663555328,8.90931,-4.09499,-1.02982,-0.19364,0.76693,0.27188,0.54809,
1403636683763555584,8.83598,-4.05733,-1.04705,-0.19476,0.76987,0.27251,0.54324,
1403636683863555328,8.76113,-4.01886,-1.05670,-0.19628,0.77287,0.27347,0.53793,
1403636684063555584,8.61665,-3.93664,-1.05146,-0.19830,0.76978,0.27579,0.54042,
1403636684163555328,8.54433,-3.89659,-1.03800,-0.19975,0.76764,0.27723,0.54220,
1403636684263555584,8.47141,-3.85734,-1.01835,-0.20261,0.76554,0.27761,0.54390,
1403636684363555328,8.40021,-3.82029,-0.99772,-0.20404,0.76269,0.27857,0.54687,
1403636684563555584,8.25896,-3.75115,-0.97564,-0.21109,0.76088,0.27645,0.54779,
1403636684763555584,8.11874,-3.69714,-0.97951,-0.21476,0.75945,0.27544,0.54886,
1403636684963555584,7.97893,-3.65876,-1.00506,-0.20619,0.75809,0.28137,0.55102,
1403636685163555328,7.83381,-3.62689,-1.01760,-0.19808,0.76137,0.28388,0.54817,
1403636685363555328,7.68039,-3.59649,-1.00584,-0.18637,0.76503,0.28607,0.54604,
1403636685563555584,7.52682,-3.55888,-0.99884,-0.18833,0.76770,0.27991,0.54481,
1403636685863555328,7.29176,-3.49043,-1.02075,-0.18417,0.76436,0.28057,0.55056,
1403636685963555584,7.21235,-3.46621,-1.03868,-0.18765,0.76579,0.27859,0.54840,
1403636686063555584,7.13162,-3.44247,-1.05561,-0.19212,0.76917,0.27614,0.54334,
1403636686263555584,6.97466,-3.39184,-1.06500,-0.19564,0.77205,0.27321,0.53946,
1403636686463555584,6.82364,-3.34185,-1.05127,-0.19591,0.77505,0.27247,0.53542,
1403636686663555328,6.68419,-3.29289,-1.05216,-0.19453,0.77558,0.27436,0.53419,
1403636686863555328,6.55428,-3.24201,-1.06380,-0.19768,0.77257,0.27361,0.53777,
1403636687063555584,6.42924,-3.19249,-1.05262,-0.20180,0.77061,0.27187,0.53993,
1403636687263555584,6.31165,-3.14462,-1.02727,-0.20229,0.76895,0.27263,0.54173,
1403636687463555584,6.19946,-3.10309,-1.02320,-0.20191,0.76566,0.27403,0.54581,
1403636687663555328,6.09694,-3.06684,-1.04726,-0.20594,0.76486,0.27279,0.54604,
1403636687863555328,5.99888,-3.04156,-1.09781,-0.20774,0.76446,0.27298,0.54583,
1403636688063555584,5.90382,-3.02313,-1.16609,-0.19991,0.76297,0.27923,0.54767,
1403636688263555584,5.81087,-3.00753,-1.22333,-0.19822,0.76258,0.28076,0.54805,
1403636688363555328,5.76005,-2.99707,-1.24342,-0.20220,0.76409,0.27834,0.54572,
1403636688563555584,5.65457,-2.97748,-1.29015,-0.19461,0.76401,0.28359,0.54588,
1403636688763555584,5.54774,-2.95336,-1.35200,-0.18682,0.76230,0.29139,0.54689,
1403636688863555328,5.49259,-2.93779,-1.38243,-0.18968,0.76247,0.29332,0.54463,
1403636688963555584,5.43508,-2.91795,-1.40541,-0.19644,0.76309,0.29652,0.53962,
1403636689063555584,5.37564,-2.89424,-1.41960,-0.20375,0.76360,0.29919,0.53468,
1403636689163555328,5.31751,-2.86826,-1.42628,-0.21105,0.76451,0.30165,0.52913,
1403636689263555584,5.26064,-2.84167,-1.42603,-0.21533,0.76460,0.30515,0.52527,
1403636689363555328,5.20708,-2.81357,-1.41756,-0.21820,0.76416,0.30814,0.52296,
1403636689463555584,5.15892,-2.78393,-1.39985,-0.22037,0.76294,0.31037,0.52251,
1403636689563555584,5.11280,-2.75484,-1.37423,-0.22188,0.76391,0.31172,0.51966,
1403636689663555328,5.06833,-2.72677,-1.34486,-0.22391,0.76736,0.31118,0.51400,
1403636689763555584,5.02929,-2.69696,-1.31986,-0.22854,0.77365,0.30717,0.50486,
1403636689863555328,4.99803,-2.66522,-1.29895,-0.23366,0.77640,0.30221,0.50127,
1403636689963555584,4.97673,-2.63249,-1.28186,-0.24202,0.77647,0.29434,0.50188,
1403636690263555584,4.96564,-2.54581,-1.24822,-0.22359,0.77462,0.30286,0.50818,
1403636690463555584,4.99494,-2.48184,-1.21115,-0.22007,0.77275,0.30403,0.51185,
1403636690563555584,5.01781,-2.44637,-1.19588,-0.22685,0.77233,0.29900,0.51249,
1403636690663555328,5.04395,-2.41039,-1.18593,-0.23669,0.77366,0.29147,0.51036,
1403636690763555584,5.07568,-2.37620,-1.18571,-0.25346,0.77309,0.27903,0.51013,
1403636690863555328,5.11211,-2.34863,-1.19927,-0.26616,0.77002,0.26972,0.51330,
1403636690963555584,5.15547,-2.33086,-1.21748,-0.27686,0.76224,0.26213,0.52310,
1403636691063555584,5.20632,-2.32591,-1.22905,-0.28492,0.75150,0.25692,0.53672,
1403636691163555328,5.26081,-2.33799,-1.23120,-0.28414,0.74276,0.25896,0.54819,
1403636691263555584,5.31577,-2.36706,-1.22451,-0.26980,0.73396,0.27072,0.56145,
1403636691363555328,5.36635,-2.41125,-1.21298,-0.25391,0.73076,0.28390,0.56649,
1403636691463555584,5.41217,-2.46422,-1.19655,-0.24533,0.73874,0.29337,0.55499,
1403636691563555584,5.45462,-2.52308,-1.17047,-0.24329,0.74585,0.29809,0.54375,
1403636691663555328,5.49750,-2.58523,-1.13563,-0.23625,0.74853,0.30558,0.53899,
1403636691763555584,5.53995,-2.64983,-1.10110,-0.22609,0.74838,0.31425,0.53857,
1403636691863555328,5.57889,-2.71469,-1.07430,-0.22612,0.74940,0.31520,0.53659,
1403636691963555584,5.61526,-2.77953,-1.05404,-0.23226,0.74772,0.31120,0.53863,
1403636692063555584,5.64907,-2.84504,-1.03710,-0.23713,0.74573,0.30755,0.54135,
1403636692163555328,5.68148,-2.91159,-1.01846,-0.23058,0.74534,0.31118,0.54265,
1403636692263555584,5.71048,-2.97822,-0.99424,-0.22589,0.74655,0.31363,0.54155,
1403636692463555584,5.75898,-3.11202,-0.92037,-0.22424,0.74988,0.31265,0.53819,
1403636692563555584,5.77981,-3.17790,-0.87432,-0.21937,0.74949,0.31440,0.53973,
1403636692763555584,5.81490,-3.30213,-0.77069,-0.20932,0.75246,0.31820,0.53734,
1403636692863555328,5.82808,-3.35754,-0.72352,-0.19372,0.75330,0.32731,0.53654,
1403636693063555584,5.84651,-3.44980,-0.64199,-0.19490,0.75607,0.32639,0.53277,
1403636693363555328,5.85953,-3.54794,-0.55886,-0.21035,0.76454,0.31907,0.51906,
1403636693563555584,5.87242,-3.59236,-0.52773,-0.21291,0.77666,0.31890,0.49977,
1403636693863555328,5.93297,-3.61484,-0.49924,-0.21711,0.76933,0.31860,0.50939,
1403636693963555584,5.96233,-3.61162,-0.49362,-0.22229,0.76037,0.31567,0.52228,
1403636694063555584,5.99300,-3.60631,-0.49143,-0.22741,0.75241,0.31283,0.53320,
1403636694263555584,6.05141,-3.59877,-0.48641,-0.22935,0.74791,0.31273,0.53873,
1403636694563555584,6.12821,-3.59298,-0.45521,-0.22559,0.75497,0.31549,0.52876,
1403636694963555584,6.22306,-3.58499,-0.47726,-0.23779,0.75736,0.30223,0.52775,
1403636695163555328,6.27368,-3.58915,-0.49839,-0.23152,0.75862,0.30329,0.52812,
1403636695363555328,6.32923,-3.59741,-0.49191,-0.22166,0.75661,0.30569,0.53382,
1403636695563555584,6.37979,-3.60707,-0.46911,-0.21623,0.75491,0.30656,0.53794,
1403636695863555328,6.44236,-3.61627,-0.46181,-0.21363,0.75556,0.30488,0.53902,
1403636696063555584,6.48017,-3.62222,-0.48377,-0.21259,0.76185,0.30351,0.53130,
1403636696263555584,6.51592,-3.62091,-0.51313,-0.20248,0.76304,0.30840,0.53073,
1403636696363555328,6.53351,-3.61648,-0.52863,-0.20673,0.75701,0.30498,0.53962,
1403636698163555328,6.24074,-3.42141,-0.43943,-0.15255,0.78758,0.22656,0.55238,
1403636700463555584,5.65591,-2.96342,-0.73456,0.08128,0.80386,-0.16867,0.56458,
1403636704463555584,5.65335,-4.24828,-1.40276,0.17844,0.78206,-0.27004,0.53257,
1403636705963555584,6.41208,-4.99670,-1.57641,0.17411,0.77618,-0.26500,0.54498,
1403636706063555584,6.49003,-5.04898,-1.58055,0.16286,0.77110,-0.27110,0.55261,
1403636706163555328,6.56509,-5.10417,-1.58151,0.16082,0.76815,-0.27105,0.55732,
1403636706363555328,6.70084,-5.21685,-1.60268,0.17868,0.77576,-0.25537,0.54869,
1403636706563555584,6.83012,-5.32258,-1.63939,0.18586,0.78270,-0.24909,0.53924,
1403636706763555584,6.96659,-5.42040,-1.65233,0.18430,0.78643,-0.25135,0.53328,
1403636706963555584,7.11717,-5.51662,-1.64609,0.18498,0.78825,-0.25561,0.52830,
1403636707063555584,7.19724,-5.56427,-1.64061,0.18776,0.78462,-0.25644,0.53231,
1403636707263555584,7.36651,-5.65661,-1.62506,0.19226,0.78188,-0.26089,0.53258,
1403636707463555584,7.54713,-5.74304,-1.58574,0.19541,0.78285,-0.26397,0.52846,
1403636707663555328,7.74051,-5.82460,-1.52503,0.18547,0.78216,-0.27263,0.52868,
1403636707763555584,7.83663,-5.86466,-1.50708,0.17831,0.78172,-0.27696,0.52954,
1403636707863555328,7.93443,-5.90687,-1.49984,0.17614,0.78008,-0.27746,0.53241,
1403636707963555584,8.03187,-5.95087,-1.50369,0.17613,0.77858,-0.27503,0.53586,
1403636708063555584,8.12782,-5.99490,-1.51691,0.17848,0.77825,-0.27024,0.53800,
1403636708163555328,8.21994,-6.03775,-1.53692,0.18144,0.77760,-0.26474,0.54067,
1403636708263555584,8.31202,-6.08080,-1.56198,0.17765,0.77553,-0.26483,0.54485,
1403636708363555328,8.40143,-6.12435,-1.59005,0.16618,0.77045,-0.27124,0.55246,
1403636708463555584,8.48852,-6.17165,-1.61458,0.15755,0.76646,-0.27618,0.55807,
1403636708663555328,8.65660,-6.28166,-1.64064,0.16816,0.76627,-0.26973,0.55839,
1403636708763555584,8.72965,-6.33771,-1.65527,0.18318,0.76776,-0.26099,0.55576,
1403636708863555328,8.79920,-6.39098,-1.67485,0.19383,0.76794,-0.25614,0.55416,
1403636709063555584,8.93585,-6.48364,-1.70432,0.20615,0.76254,-0.25587,0.55728,
1403636709263555584,9.06286,-6.54836,-1.70713,0.20888,0.76484,-0.26131,0.55055,
1403636709563555584,9.24984,-6.60304,-1.70605,0.20798,0.77134,-0.26371,0.54060,
1403636709763555584,9.38252,-6.62072,-1.73223,0.20559,0.77407,-0.26274,0.53807,
1403636709963555584,9.52645,-6.62475,-1.74943,0.20479,0.77410,-0.25909,0.54010,
1403636710163555328,9.67706,-6.61353,-1.75008,0.20256,0.77409,-0.25551,0.54265,
1403636710263555584,9.75502,-6.60345,-1.75923,0.19969,0.77401,-0.25400,0.54454,
1403636710363555328,9.83199,-6.58835,-1.77669,0.18604,0.77168,-0.25880,0.55039,
1403636710463555584,9.91040,-6.57103,-1.79941,0.17021,0.77172,-0.25952,0.55510,
1403636710563555584,9.98510,-6.55371,-1.82573,0.15564,0.77331,-0.25481,0.55932,
1403636710663555328,10.05761,-6.53887,-1.85638,0.14545,0.77563,-0.24552,0.56300,
1403636710763555584,10.12406,-6.52795,-1.88814,0.13823,0.77903,-0.23044,0.56649,
1403636710863555328,10.18689,-6.51870,-1.91472,0.13646,0.78479,-0.20791,0.56768,
1403636710963555584,10.24655,-6.50941,-1.93509,0.13360,0.79024,-0.18645,0.56824,
1403636711063555584,10.30337,-6.49867,-1.94886,0.13242,0.79497,-0.16889,0.56742,
1403636711163555328,10.35888,-6.48781,-1.95644,0.13221,0.79668,-0.15697,0.56848,
1403636711263555584,10.41281,-6.46595,-1.96499,0.13098,0.79718,-0.15074,0.56975,
1403636711363555328,10.46394,-6.44218,-1.96932,0.12548,0.79564,-0.15087,0.57311,
1403636711463555584,10.51213,-6.41439,-1.96670,0.12237,0.78790,-0.15211,0.58404,
1403636711563555584,10.55542,-6.38288,-1.96148,0.12542,0.78067,-0.15143,0.59321,
1403636711963555584,10.67151,-6.20998,-1.92788,0.11862,0.78541,-0.16623,0.58432,
1403636712063555584,10.67981,-6.15839,-1.91177,0.10793,0.78690,-0.17498,0.58183,
1403636712263555584,10.69052,-6.06259,-1.86482,0.10811,0.78828,-0.16573,0.58264,
1403636712363555328,10.68926,-6.01629,-1.83483,0.11035,0.79041,-0.14759,0.58420,
1403636712463555584,10.68535,-5.96805,-1.80120,0.10906,0.79145,-0.13230,0.58669,
1403636712563555584,10.67969,-5.91548,-1.76452,0.10409,0.79204,-0.12106,0.58922,
1403636712663555328,10.66788,-5.85708,-1.72980,0.09588,0.78931,-0.11420,0.59562,
1403636712763555584,10.65313,-5.80040,-1.70241,0.08835,0.78742,-0.10967,0.60011,
1403636712863555328,10.63110,-5.74204,-1.67795,0.08370,0.78962,-0.10703,0.59836,
1403636713063555584,10.57243,-5.61711,-1.64723,0.08217,0.79438,-0.10422,0.59275,
1403636713263555584,10.49197,-5.48596,-1.60830,0.07589,0.79752,-0.10581,0.58908,
1403636713463555584,10.40208,-5.35391,-1.51625,0.07314,0.80005,-0.10900,0.58539,
1403636713663555328,10.30207,-5.22882,-1.43304,0.06478,0.80213,-0.11803,0.58178,
1403636713863555328,10.19535,-5.11441,-1.37168,0.05982,0.80314,-0.12608,0.57922,
1403636717763555584,8.46159,-4.49873,-1.14263,-0.05155,0.80781,0.10278,0.57811,
1403636720363555328,7.05277,-3.73466,-1.38012,-0.15186,0.79380,0.19677,0.55508,
1403636724463555584,5.54651,-3.83395,-1.43688,0.00249,0.82029,-0.00860,0.57187,
1403636724563555584,5.51405,-3.83057,-1.43638,0.01114,0.81702,-0.01821,0.57621,
1403636724763555584,5.45396,-3.81734,-1.41419,0.01951,0.81630,-0.02948,0.57654,
1403636725163555328,5.34576,-3.77966,-1.28276,0.00604,0.81916,-0.03640,0.57238,
1403636725663555328,5.24173,-3.75798,-1.13782,0.01408,0.81912,-0.02884,0.57272,
1403636726363555328,5.12077,-3.73392,-1.14296,0.01113,0.81650,-0.02382,0.57675,
1403636726663555328,5.07593,-3.72205,-1.11565,-0.01376,0.81219,-0.03579,0.58213,
1403636726963555584,5.02447,-3.73791,-1.03260,0.00048,0.81144,-0.01704,0.58418,
1403636727363555328,4.94098,-3.76767,-0.91211,0.01195,0.81378,-0.00072,0.58105,
1403636727863555328,4.80778,-3.75068,-0.78135,0.01292,0.81294,-0.00005,0.58221,
1403636728263555584,4.67559,-3.68661,-0.66374,0.00886,0.81060,-0.00446,0.58552,
1403636728463555584,4.59391,-3.64154,-0.63355,-0.00068,0.81093,-0.01193,0.58502,
1403636728663555328,4.51539,-3.59853,-0.62641,-0.01184,0.81164,-0.01318,0.58389,
1403636728763555584,4.47322,-3.57927,-0.61667,-0.01028,0.81162,0.00159,0.58410,
1403636728863555328,4.42546,-3.56094,-0.60117,-0.01274,0.81151,0.01829,0.58392,
1403636728963555584,4.38431,-3.54222,-0.58438,-0.01755,0.80978,0.03085,0.58566,
1403636729063555584,4.34326,-3.52325,-0.57104,-0.02217,0.80758,0.04019,0.58797,
1403636729263555584,4.25374,-3.48414,-0.56394,-0.03081,0.80853,0.04905,0.58560,
1403636729463555584,4.15740,-3.44054,-0.57049,-0.03354,0.80793,0.05190,0.58602,
1403636729763555584,3.99482,-3.36940,-0.53863,-0.03538,0.81018,0.05128,0.58286,
1403636729963555584,3.88288,-3.32042,-0.51784,-0.03478,0.81522,0.04994,0.57595,
1403636730263555584,3.72080,-3.24403,-0.52067,-0.03619,0.81764,0.05020,0.57239,
1403636730463555584,3.62114,-3.19413,-0.53798,-0.03831,0.82048,0.05024,0.56818,
1403636730563555584,3.57602,-3.16927,-0.53928,-0.03778,0.82502,0.05102,0.56152,
1403636730763555584,3.49902,-3.11601,-0.51760,-0.03825,0.82870,0.05123,0.55603,
1403636730963555584,3.43556,-3.06006,-0.47275,-0.04710,0.82930,0.04479,0.55501,
1403636731063555584,3.40971,-3.03392,-0.45576,-0.05732,0.82574,0.03666,0.55993,
1403636731163555328,3.39147,-3.01279,-0.44212,-0.06247,0.81911,0.03191,0.56933,
1403636731363555328,3.36321,-2.98759,-0.43063,-0.04895,0.81321,0.03928,0.57857,
1403636732063555584,3.27660,-2.98605,-0.53131,-0.04388,0.81235,0.04504,0.57977,
1403636732463555584,3.21544,-3.01274,-0.61656,-0.03192,0.80746,0.05590,0.58641,
1403636732563555584,3.19224,-3.01793,-0.61946,-0.01997,0.80322,0.06474,0.59181,
1403636732863555328,3.08710,-3.00331,-0.59730,-0.03156,0.79865,0.05941,0.59803,
1403636733063555584,2.99547,-2.97940,-0.58896,-0.03417,0.80401,0.05902,0.59070,
1403636733363555328,2.83705,-2.93029,-0.54567,-0.03515,0.80921,0.06093,0.58329,
1403636733563555584,2.72976,-2.88931,-0.49634,-0.04005,0.81416,0.05853,0.57630,
1403636733863555328,2.56616,-2.81832,-0.44106,-0.04065,0.81817,0.05952,0.57044,
1403636734063555584,2.46258,-2.77251,-0.43384,-0.03569,0.81268,0.06246,0.57826,
1403636734363555328,2.30382,-2.69254,-0.41642,-0.04259,0.81237,0.05841,0.57864,
1403636734563555584,2.19960,-2.63651,-0.37565,-0.04577,0.81661,0.05878,0.57236,
1403636734863555328,2.04161,-2.56133,-0.35177,-0.04619,0.81934,0.06324,0.56794,
1403636735163555328,1.90758,-2.48594,-0.36991,-0.04959,0.81919,0.06243,0.56796,
1403636735663555328,1.74082,-2.36417,-0.28004,-0.04473,0.81863,0.05089,0.57030,
1403636736163555328,1.62247,-2.25964,-0.17930,-0.05037,0.81415,0.06081,0.57526,
1403636736263555584,1.60057,-2.24037,-0.15839,-0.05821,0.81172,0.07104,0.57678,
1403636736363555328,1.58321,-2.22246,-0.13682,-0.06287,0.81036,0.08078,0.57691,
1403636736563555584,1.54580,-2.18553,-0.10538,-0.06007,0.80735,0.09936,0.57853,
1403636736863555328,1.47745,-2.11552,-0.09550,-0.06014,0.80485,0.10866,0.58034,
1403636737063555584,1.42348,-2.05442,-0.10967,-0.06990,0.80575,0.10744,0.57822,
1403636737263555584,1.36210,-1.98853,-0.13523,-0.08117,0.80606,0.10638,0.57650,
1403636737463555584,1.29419,-1.92122,-0.15844,-0.08364,0.81066,0.11062,0.56886,
1403636737663555328,1.23243,-1.85632,-0.15113,-0.09009,0.81390,0.10926,0.56348,
1403636737863555328,1.18376,-1.80122,-0.12005,-0.09770,0.81634,0.10336,0.55978,
1403636738163555328,1.14469,-1.75733,-0.01939,-0.09202,0.81485,0.10295,0.56298,
1403636738563555584,1.12543,-1.71619,0.07383,-0.08091,0.81787,0.09221,0.56217,
1403636738663555328,1.14666,-1.71439,0.07496,-0.07383,0.82056,0.07936,0.56118,
1403636738763555584,1.15806,-1.71934,0.06867,-0.06497,0.82032,0.06134,0.56489,
1403636738863555328,1.17127,-1.71899,0.05497,-0.05599,0.81848,0.03884,0.57047,
1403636738963555584,1.18115,-1.72554,0.03740,-0.04569,0.81780,0.01411,0.57351,
1403636739063555584,1.19143,-1.73748,0.01352,-0.03483,0.81718,-0.01306,0.57519,
1403636739163555328,1.19866,-1.75892,-0.01695,-0.01417,0.81699,-0.03470,0.57543,
1403636739263555584,1.21564,-1.76990,-0.04764,0.01005,0.81583,-0.05465,0.57562,
1403636739363555328,1.21630,-1.79684,-0.08034,0.03670,0.81415,-0.07219,0.57498,
1403636739463555584,1.21872,-1.82032,-0.10509,0.05858,0.81233,-0.09067,0.57311,
1403636739563555584,1.22286,-1.83340,-0.13054,0.07173,0.80949,-0.11169,0.57193,
1403636739663555328,1.23456,-1.86230,-0.12970,0.08022,0.80786,-0.12716,0.56988,
1403636739763555584,1.23901,-1.88449,-0.14554,0.08354,0.80590,-0.13807,0.56963,
1403636739963555584,1.25428,-1.92540,-0.17379,0.08682,0.80471,-0.14593,0.56887,
1403636740263555584,1.27232,-1.98997,-0.24582,0.09889,0.80625,-0.13187,0.56814,
1403636740663555328,1.27801,-2.05830,-0.37229,0.08157,0.80380,-0.13156,0.57441,
1403636743963555584,1.52776,-2.45981,-1.24875,0.10843,0.80013,-0.16143,0.56743,
1403636747363555328,2.12208,-2.72071,-1.91346,0.13200,0.79616,-0.18284,0.56149,
1403636751363555328,2.42992,-2.45320,-0.64300,0.12769,0.80218,-0.19019,0.55138,
1403636751563555584,2.41212,-2.40735,-0.54960,0.11505,0.79324,-0.19843,0.56406,
1403636751763555584,2.39425,-2.37495,-0.46754,0.10109,0.79797,-0.19507,0.56122,
1403636751963555584,2.37740,-2.36460,-0.39530,0.10459,0.80887,-0.18338,0.54879,
1403636752163555328,2.37637,-2.37356,-0.33211,0.11119,0.80702,-0.17355,0.55339,
1403636752263555584,2.38467,-2.38324,-0.31081,0.10894,0.80280,-0.16628,0.56213,
1403636752363555328,2.39335,-2.39045,-0.28176,0.10276,0.79891,-0.15538,0.57188,
1403636752463555584,2.40221,-2.39745,-0.24789,0.09261,0.79980,-0.14127,0.57601,
1403636752563555584,2.40993,-2.40413,-0.21002,0.08171,0.80346,-0.12373,0.57660,
1403636752663555328,2.41601,-2.41107,-0.17784,0.06972,0.80836,-0.10504,0.57503,
1403636752763555584,2.42103,-2.41785,-0.15113,0.05615,0.81132,-0.08642,0.57545,
1403636752863555328,2.42425,-2.42378,-0.13122,0.04479,0.81460,-0.06521,0.57460,
1403636752963555584,2.42607,-2.42843,-0.11700,0.03616,0.81572,-0.04097,0.57586,
1403636753063555584,2.42737,-2.43038,-0.10954,0.02595,0.81729,-0.01681,0.57539,
1403636753163555328,2.42827,-2.42894,-0.10878,0.01321,0.81794,0.00678,0.57512,
1403636753263555584,2.42906,-2.42393,-0.11375,0.00104,0.81779,0.03119,0.57468,
1403636753363555328,2.42980,-2.41409,-0.12458,-0.00992,0.81571,0.05464,0.57579,
1403636753463555584,2.42931,-2.39995,-0.13502,-0.02520,0.81384,0.06661,0.57671,
1403636753563555584,2.42731,-2.38180,-0.14173,-0.03824,0.81291,0.07171,0.57668,
1403636753663555328,2.42153,-2.36304,-0.13638,-0.04571,0.81142,0.07402,0.57796,
1403636754163555328,2.37706,-2.25347,-0.12394,-0.04338,0.80457,0.06815,0.58834,
1403636754563555584,2.29662,-2.13848,-0.06222,-0.04024,0.80362,0.07617,0.58888,
1403636754663555328,2.26839,-2.10324,-0.05297,-0.04668,0.80386,0.08707,0.58655,
1403636754763555584,2.23586,-2.06496,-0.04805,-0.05746,0.80287,0.09973,0.58494,
1403636754863555328,2.20115,-2.02672,-0.04832,-0.06757,0.80152,0.11202,0.58348,
1403636758463555584,0.29959,-0.12413,0.24332,-0.12709,0.80491,0.16112,0.55679,
1403636761563555584,-0.10950,0.34110,-0.17207,-0.12035,0.80004,0.17303,0.56170,
